{
    "low_resolution": {
        "mean": [
            0.34086166686351993,
            0.3142011318805538,
            0.2956456457456458
        ],
        "std": [
            0.26376768069689277,
            0.25403810279555783,
            0.25746155547670097
        ]
    },
    "high_resolution": {
        "mean": [
            0.3461362131696885,
            0.320972289942457,
            0.30633476410555505
        ],
        "std": [
            0.2688958478971042,
            0.2597642052016181,
            0.264070493216612
        ]
    }
}